{
  "version": "v1.0.0",
  "timestamp_iso": "2025-10-27T13:44:47.591779",
  "val_auc": 0.5858821850197761,
  "val_loss": 0.6898050904273987,
  "train_params": {
    "data_csv": "data/real_combined_dataset.csv",
    "epochs": 2,
    "batch_size": 16,
    "lr": 0.0005,
    "hidden_size": 64,
    "n_layers": 2,
    "dropout": 0.2,
    "max_seq_len": 200,
    "device": "cpu",
    "seed": 42,
    "save_dir": "models",
    "resume": null,
    "val_split": 0.2
  },
  "item_to_idx": {
    "item_0": 1,
    "item_1": 2,
    "item_10": 3,
    "item_11": 4,
    "item_12": 5,
    "item_13": 6,
    "item_14": 7,
    "item_15": 8,
    "item_16": 9,
    "item_17": 10,
    "item_18": 11,
    "item_19": 12,
    "item_2": 13,
    "item_20": 14,
    "item_21": 15,
    "item_22": 16,
    "item_23": 17,
    "item_24": 18,
    "item_25": 19,
    "item_26": 20,
    "item_27": 21,
    "item_28": 22,
    "item_29": 23,
    "item_3": 24,
    "item_30": 25,
    "item_31": 26,
    "item_32": 27,
    "item_33": 28,
    "item_34": 29,
    "item_35": 30,
    "item_36": 31,
    "item_37": 32,
    "item_38": 33,
    "item_39": 34,
    "item_4": 35,
    "item_40": 36,
    "item_41": 37,
    "item_42": 38,
    "item_43": 39,
    "item_44": 40,
    "item_45": 41,
    "item_46": 42,
    "item_47": 43,
    "item_48": 44,
    "item_49": 45,
    "item_5": 46,
    "item_6": 47,
    "item_7": 48,
    "item_8": 49,
    "item_9": 50
  }
}